web_scraper_order,web_scraper_start_url,pagination,data,phone,item_page_title,item_page_link,title,film_title_english
"1779026680-1","https://www.siff.com/list?cid=101241126180543631155265508478981641","https://www.siff.com/list?cid=101241126180543631155265508478981641&pageNum=2&pageSize=15","特别策划 ｜ 泥土与灵魂：陀思妥耶夫斯基的银幕变奏","2026-04-24","特别策划 ｜ 泥土与灵魂：陀思妥耶夫斯基的银幕变奏","https://www.siff.com/content?aid=101260423200413817090059680354309701","特别策划 ｜ 泥土与灵魂：陀思妥耶夫斯基的银幕变奏","扒手丨PICKPOCKET丨1959
 

卡拉马佐夫兄弟丨THE BROTHERS KARAMAZOV丨1969
 

罪与罚丨CRIME AND PUNISHMENT丨1983
 

双重人格丨THE DOUBLE丨2013
 

宿敌丨ENEMY丨2013
 
注：如遇片目变动，请以实际排片为准。"
"1779026682-2","https://www.siff.com/list?cid=101241126180543631155265508478981641","","影展精粹","2026-04-24","影展精粹","https://www.siff.com/content?aid=101260423202712817095844980330501467","影展精粹","纽伦堡 | NUREMBERG | 2025
 

尼娜与萝扎 | NINA ROZA | 2026
 

茫然女王 | QUEEN AT SEA | 2026
 

罗斯 | ROSE | 2026
 

临终祷文 | A PRAYER FOR THE DYING | 2026
 

梦中花园 | THE GARDEN WE DREAMED | 2026
 

乱世孤儿 | ORPHAN | 2025
 

忘恩负义之人 | UNGRATEFUL BEINGS | 2025
 

137号案件 | CASE 137 | 2025
 

接近终点 | SIRAT | 2025
 
注：如遇片目变动，请以实际排片为准。"
"1779026684-3","https://www.siff.com/list?cid=101241126180543631155265508478981641","","“一带一路”电影周","2026-04-27","“一带一路”电影周","https://www.siff.com/content?aid=101260427110556818404151573614597634","“一带一路”电影周","亡命警探｜A LOOSE END｜2025
 

母鸡｜HEN｜2025
 

上帝不会帮忙｜GOD WILL NOT HELP｜2025
 

破碎的声线｜BROKEN VOICES｜2025
 

艾瑞丝的忧夏｜HOLD ONTO ME｜2026
 

诈死｜DIYA｜2025
 

配角｜SUPPORTING ROLE｜2026
 
注：如遇片目变动，请以实际排片为准。"
"1779026686-4","https://www.siff.com/list?cid=101241126180543631155265508478981641","","SIFF动画","2026-04-29","SIFF动画","https://www.siff.com/content?aid=101260428132927818802655823400965832","SIFF动画","马塞尔·帕尼奥尔的华丽人生 | A MAGNIFICENT LIFE | 2025
 

木瓜行纪 | PAPAYA | 2026
 

黑暗之心 | HEART OF DARKNESS | 2025
 

泡泡骑士珍宝 | JUMBO | 2025
 

我住在凡尔赛的日子 | MY LIFE IN VERSAILLES | 2025
 

迷雾之海的莉迪亚 | LYDIA AND THE MIST RIDER | 2026
 

幻时之境 | THE LAND OF SOMETIMES | 2026
 

奥利维亚与无声震波 | OLIVIA AND THE INVISIBLE EARTHQUAKE | 2025
 
注：如遇片目变动，请以实际排片为准。"
"1779026688-5","https://www.siff.com/list?cid=101241126180543631155265508478981641","","向大师致敬 ｜ 狂野之梦：比利·怀尔德 x 玛丽莲·梦露","2026-04-30","向大师致敬 ｜ 狂野之梦：比利·怀尔德 x 玛丽莲·梦露","https://www.siff.com/content?aid=101260430171813819585000419627013579","向大师致敬 ｜ 狂野之梦：比利·怀尔德 x 玛丽莲·梦露","双重赔偿 | DOUBLE INDEMNITY | 1944
 

失去的周末 | THE LOST WEEKEND | 1945
 

柏林艳史 | A FOREIGN AFFAIR | 1948
 

倒扣的王牌 | ACE IN THE HOLE | 1951
 

龙凤配 | SABRINA | 1954
 

热情如火 | SOME LIKE IT HOT | 1959
 

桃色公寓 | THE APARTMENT | 1960
 

乱点鸳鸯谱 | THE MISFITS | 1961
 
注：如遇片目变动，请以实际排片为准。"
"1779026690-6","https://www.siff.com/list?cid=101241126180543631155265508478981641","","年度亚洲电影","2026-05-07","年度亚洲电影","https://www.siff.com/content?aid=101260507144348822082856326008837904","年度亚洲电影","总统的蛋糕 | THE PRESIDENT'S CAKE | 2025
 

荣耀嘻哈 | BADAK | 2025
 
注：如遇片目变动，请以实际排片为准。"
"1779026693-7","https://www.siff.com/list?cid=101241126180543631155265508478981641","","名导新作","2026-05-07","名导新作","https://www.siff.com/content?aid=101260507141635822076005580541957044","名导新作","父母姐弟 | FATHER MOTHER SISTER BROTHER | 2025
 

拯救地球 | BUGONIA | 2025
 

麦哲伦 | MAGELLAN | 2025
 

镜的第三乐章 | MIRRORS NO.3 | 2025
 
注：如遇片目变动，请以实际排片为准。"
"1779026695-8","https://www.siff.com/list?cid=101241126180543631155265508478981641","","放大","2026-05-07","放大","https://www.siff.com/content?aid=101260507144438822083066905235461219","放大","圣玛丽矿镇谜案 | CONRAD & CRAB – IDIOTIC GEMS | 2026
 

三级警戒 | CODE 3 | 2025
 

新钱游戏 | NEW MONEY | 2025
 
注：如遇片目变动，请以实际排片为准。"
"1779026697-9","https://www.siff.com/list?cid=101241126180543631155265508478981641","","向大师致敬 ｜ 写实巨匠肯·洛奇","2026-05-08","向大师致敬 ｜ 写实巨匠肯·洛奇","https://www.siff.com/content?aid=101260508181214822497699747074053715","向大师致敬 ｜ 写实巨匠肯·洛奇","小孩与鹰 | KES | 1969
 

家庭生活 | FAMILY LIFE | 1971
 

折翼母亲 | LADYBIRD LADYBIRD | 1994
 

我是布莱克 | I, DANIEL BLAKE | 2016
 

对不起，我们错过了你 | SORRY WE MISSED YOU | 2019
 

老橡树酒馆 | THE OLD OAK | 2023
 

对比：肯·洛奇的生活和影片 | VERSUS: THE LIFE AND FILMS OF KEN LOACH |  2016
 
注：如遇片目变动，请以实际排片为准。"
"1779026699-10","https://www.siff.com/list?cid=101241126180543631155265508478981641","","科幻电影周","2026-05-09","科幻电影周","https://www.siff.com/content?aid=101260509154717822823607557165061695","科幻电影周","人工智能 | A.I. ARTIFICIAL INTELLIGENCE | 2001
 

原始星球4K | FANTASTIC PLANET 4K | 1973
 

时间之主4K | THE MASTERS OF TIME 4K | 1987
 

甘达星人4K |  GANDAHAR 4K | 1987
 
注：如遇片目变动，请以实际排片为准。"
"1779026701-11","https://www.siff.com/list?cid=101241126180543631155265508478981641","","新视野 ｜ 杜比视界","2026-05-09","新视野 ｜ 杜比视界","https://www.siff.com/content?aid=101260509155512822825602053574661668","新视野 ｜ 杜比视界","变形金刚大电影 (DOLBY VISION) | THE TRANSFORMERS: THE MOVIE (DOLBY VISION) | 1986
 

无痛凯恩 (DOLBY VISION) | NOVOCAINE (DOLBY VISION) | 2025
 
注：如遇片目变动，请以实际排片为准。"
"1779026703-12","https://www.siff.com/list?cid=101241126180543631155265508478981641","","向大师致敬｜特别纪念","2026-05-11","向大师致敬｜特别纪念","https://www.siff.com/content?aid=101260424112521817321871199440901496","向大师致敬｜特别纪念","假凤虚凰 | PHONY PHOENIXES | 1947
 

哀乐中年4K | SORROWS AND JOYS OF A MIDDLE-AGED MAN 4K | 1949
 

405谋杀案 | MURDER IN 405 | 1980
 

蔑视4K | CONTEMPT 4K | 1963
 

安妮·霍尔4K | ANNIE HALL 4K | 1977
 

伴我同行4K | STAND BY ME 4K | 1986
 

当哈利遇到莎莉4K | WHEN HARRY MET SALLY… 4K | 1989
 

危情十日4K | MISERY 4K | 1990
 

好人寥寥4K | A FEW GOOD MEN 4K | 1992
 

遗愿清单 | THE BUCKET LIST | 2007
 

怦然心动 | FLIPPED | 2010
 

居巢 4K | FAMILY NEST 4K | 1979
 

异乡人 4K | THE OUTSIDER 4K | 1981
 

积木人生 | THE PREFAB PEOPLE | 1982
 

秋天年鉴 | ALMANAC OF FALL | 1984
 

诅咒 4K | DAMNATION 4K | 1988
 

撒旦探戈 4K | SATAN’S TANGO 4K | 1994
 

鲸鱼马戏团 4K | WERCKMEISTER HARMONIES 4K | 2000
 

来自伦敦的男人 | THE MAN FROM LONDON | 2007
 

都灵之马 | THE TURIN HORSE | 2011
 
注：如遇片目变动，请以实际排片为准。"
"1779026705-13","https://www.siff.com/list?cid=101241126180543631155265508478981641","","影史推荐","2026-05-12","影史推荐","https://www.siff.com/content?aid=101260512162633823920652560896005012","影史推荐","党同伐异 | INTOLERANCE: LOVE'S STRUGGLE THROUGHOUT THE AGES | 1916
 

母亲 | MOTHER | 1926
 

浪淘沙 | WAVES WASHING THE SAND | 1936
 

生活多美好 4K | IT’S A WONDERFUL LIFE 4K | 1946
 

搜索者 4K | THE SEARCHERS 4K | 1956
 

大醉侠 4K | COME DRINK WITH ME 4K | 1966
 

卡桑德拉大桥 | THE CASSANDRA CROSSING | 1976
 

恐怖分子 | THE TERRORIST | 1986
 

英国病人 | THE ENGLISH PATIENT | 1996
 
注：如遇片目变动，请以实际排片为准。"
"1779026707-14","https://www.siff.com/list?cid=101241126180543631155265508478981641","","影像无限","2026-05-14","影像无限","https://www.siff.com/content?aid=101260514150129824624022640660485578","影像无限","剧院魅影：25周年纪念演出 | THE PHANTOM OF THE OPERA AT THE ROYAL ALBERT HALL | 2011
 

落叶球 | DRY LEAF | 2025
 
注：如遇片目变动，请以实际排片为准。"
"1779026709-15","https://www.siff.com/list?cid=101241126180543631155265508478981641","","SIFF狂想曲","2026-05-14","SIFF狂想曲","https://www.siff.com/content?aid=101260514144734824620519834783749932","SIFF狂想曲","莫扎特传（4K） | AMADEUS（4K）| 1984
 

寻找薇薇安·迈尔 | FINDING VIVIAN MAIER | 2013
 

亦吾亦舞 | IN-I IN MOTION | 2025
 

黄色领带 | THE YELLOW TIE | 2025
 

新凯旋门 | THE GREAT ARCH |  2025
 

绚烂一刻|THE MOMENT | 2026
 
注：如遇片目变动，请以实际排片为准。"
"1779026711-16","https://www.siff.com/list?cid=101241126180543631155265508478981641","","新视野 ｜ IMAX","2026-05-16","新视野 ｜ IMAX","https://www.siff.com/content?aid=101260516170059825378869698629637281","新视野 ｜ IMAX","冲破黑暗谷(IMAX) | TOMMY (IMAX) | 1975
 

滚石乐队 至臻现场 (IMAX) | ROLLING STONES: AT THE MAX (IMAX) | 1991
 

忘梦洞 (3D IMAX) | CAVE OF FORGOTTEN DREAMS (3D IMAX) | 2010
 

沙丘 (IMAX) | DUNE: PART ONE (IMAX) | 2021
 

沙丘2 (IMAX) | DUNE: PART TWO (IMAX) | 2024
 

传奇：演唱的猫王(IMAX) | EPIC: ELVIS PRESLEY IN CONCERT (IMAX) | 2025
 

风暴边缘 (IMAX) | STORMBOUND (IMAX) | 2025
 

凶器 (IMAX) | WEAPONS (IMAX) | 2025
 
注：如遇片目变动，请以实际排片为准。"
